,Name,Nationality,Year of Birth
0,Miyaka SUGATA,JPN,2001.0
1,Miranda STANHOPE,USA,
2,Tigist KETEMA,ETH,1998.0
3,Kawtar KAHHAZ,MAR,1998.0
4,Lydia Njeri MATHATHI,KEN,1985.0
5,Natsuki SEKIYA,JPN,1997.0
6,Annabel STAFFORD,USA,
7,Abbie DONNELLY,GBR,1996.0
8,Beatrice CHEBET,KEN,2000.0
9,McKenzie HOGUE,USA,
10,Victoria WARPY,BEL,1997.0
11,Lauren HAGANS,USA,1986.0
12,Betelihem AFENIGUS,ETH,2001.0
13,Gadise MULU,ETH,1997.0
14,Emilia JOUSIMAA,FIN,1993.0
15,Hanna GRÖBER,GER,1996.0
16,Hibiki SAKURAGAWA,JPN,2001.0
17,Sinclaire JOHNSON,USA,1998.0
18,Saga PROVCI,SWE,2004.0
19,Alisa VAINIO,FIN,1997.0
20,Heidi DEMEO,AUS,2000.0
21,Gete ALEMAYEHU,ETH,1998.0
22,Yuxuan CHEN,CHN,2004.0
23,Sayaka SATO,JPN,1994.0
24,Peres JEPCHIRCHIR,KEN,1993.0
25,Stephanie TWELL,GBR,1989.0
26,Marion KIBOR,KEN,1994.0
27,Margaux SIERACKI,FRA,1999.0
28,Andrea KUHN,USA,
29,Kaila NEIGUM,CAN,1999.0
30,Savannah ROARK,USA,
31,Jane BUCKLEY,IRL,2003.0
32,Madison MOONEY,USA,2000.0
33,Alice WRIGHT,GBR,2003.0
34,Méline ROLLIN,FRA,1998.0
35,Jessica GOCKLEY-DAY,USA,
36,Cuomu CIREN,CHN,1997.0
37,Caroline JEPCHIRCHIR,KEN,1998.0
38,Vanessa FRASER,USA,1995.0
39,Zhixuan LI,CHN,1996.0
40,Jessy LACOURSE,CAN,1997.0
41,Sameen ANDAR,USA,
42,Urge DIRO,ETH,1994.0
43,Kaitlyn BARTHELL,USA,
44,Gladys CHEROP,KEN,2000.0
45,Mercy Chepkorir KIRAREI,KEN,2001.0
46,Livia CALDARINI,ITA,2002.0
47,Rediet DANIEL,ETH,2000.0
48,Viola CHEPNGENO,KEN,2000.0
49,Rachael Zena CHEBET,UGA,1996.0
50,Yasmine ABBES,NED,2002.0
51,Fridah NDINDA,KEN,2001.0
52,Rose HARVEY,GBR,1992.0
53,Grace CARSON,GBR,2000.0
54,Lisa MERKEL,GER,2003.0
55,Ayami HIRANO,JPN,1997.0
56,Juliette WHITTAKER,USA,2003.0
57,Saki HARADA,JPN,2003.0
58,Violah JEPCHUMBA,BRN,1990.0
59,Ludwina CHEPNGETICH,KEN,1998.0
60,Kaoutar FARKOUSSI,MAR,1996.0
61,Cristina RUIZ,ESP,1999.0
62,Amina BETTICHE,ALG,1987.0
63,Beata NIEMYJSKA,POL,2001.0
64,Nicole VANASSE,USA,2002.0
65,Maegan KRIFCHIN,USA,1988.0
66,Fantu GELASA,ETH,
67,Anahi ALVAREZ,MEX,2001.0
68,Mulugojam AMBI,ETH,
69,Savannah BERRY,USA,
70,Nina CHYDENIUS,FIN,1990.0
71,Cynthia KOSGEI,KEN,1993.0
72,Elia TON-THAT,USA,2004.0
73,Antonia SCHIEL,GER,1998.0
74,Simone PLOURDE,CAN,2000.0
75,Nanaka YONEZAWA,JPN,2004.0
76,Beatrice Nyaboke BEGI,KEN,1998.0
77,Gladys TEJEDA,PER,1985.0
78,Sarah CARTER,USA,
79,Saya NISHITANI,JPN,2001.0
80,Rebecca BASSETT,CAN,1995.0
81,Eunice Chebichii CHUMBA,BRN,1993.0
82,Sakiho TSUTSUI,JPN,1996.0
83,Likina AMEBAW,ETH,1997.0
84,Holly MACGILLIVRAY,CAN,2002.0
85,Eva DIETERICH,GER,1999.0
86,Wafa ZAROUAL,MAR,1996.0
87,Tsiyon ABEBE,ETH,2006.0
88,Yuna TAKAHASHI,JPN,1999.0
89,Betty CHELANGAT,KEN,2002.0
90,Hannah BRANCH,USA,1999.0
91,Emily LIPARI,USA,1992.0
92,Anika THOMPSON,IRL,2003.0
93,Şilan AYYILDIZ,TUR,1999.0
94,Svetlana SIMAKOVA,RUS,1987.0
95,Charlotte PURDUE,GBR,1991.0
96,Hildah Jepkogei CHEBOI,KEN,1991.0
97,Fiona MCLOUGHLIN,USA,
98,Rkia EL MOUKIM,MAR,1988.0
99,Kaoutar BOULAID,MAR,1989.0
100,Gladys CHEMUTAI,KEN,
101,Kaiya ROBERTSON,USA,
102,Fotyen TESFAY,ETH,1998.0
103,Gladys JEMAIYO,KEN,1994.0
104,Anjelina Nadai LOHALITH,ART,1995.0
105,Simonay WEITSZ,RSA,1999.0
106,Eloise WELLINGS,AUS,1982.0
107,Sarah MADELEINE,FRA,1998.0
108,Yui KAWABE,JPN,1998.0
109,Sofia THØGERSEN,DEN,2005.0
110,Roselida JEPKETER,BRN,2000.0
111,Tadu TESHOME,ETH,2001.0
112,Hawi ABERA,ETH,2006.0
113,Svetlana ANDRYUSHCHENKO,RUS,2000.0
114,Erin VRINGER,CAN,2004.0
115,Zoe TOLAND,AUS,1997.0
116,Zinash DEBEBE,ETH,1996.0
117,Yuma YAMAMOTO,JPN,2000.0
118,Lindsay CUNNINGHAM,USA,
119,Nadia POTGIETER,RSA,2003.0
120,Faith CHEPKOECH,KEN,2003.0
121,Sheila CHEPKECH,KEN,1989.0
122,Regina Deogratius MPIGACHAI,TAN,2001.0
123,Megertu ALEMU,ETH,1997.0
124,Sophie TONNEAU,FRA,1994.0
125,Honoka TANAIKE,JPN,1997.0
126,Katja GOLDRING,USA,1990.0
127,Linda PEREZ,USA,
128,Mekdes WOLDU,FRA,1992.0
129,Glynis SIM,CAN,1998.0
130,Natsuki OMORI,JPN,1994.0
131,Kileigh KANE,USA,2000.0
132,Sinead DIVER,AUS,1977.0
133,Tigst ASSEFA,ETH,1996.0
134,Caroline ROTICH,USA,1984.0
135,Niamh ALLEN,IRL,1995.0
136,Tereza HROCHOVÁ,CZE,1996.0
137,Dafni-Eftychia-Tereza LAVASA,GRE,2001.0
138,Adawork ABERTA,ETH,1996.0
139,Madaline ULLOM,USA,2002.0
140,Katelyn AYERS,CAN,1995.0
141,Gemma FINCH,GBR,1997.0
142,Ayinadis TESHOME,ETH,
143,Souad AIT SALEM,ALG,1979.0
144,Andrea MARKEZICH,USA,
145,Rababe ARAFI,MAR,1991.0
146,Camille FRENCH,NZL,1990.0
147,Kelsey CHMIEL,USA,2001.0
148,Jane BAREIKIS,USA,1994.0
149,Natalie CIZMAS,USA,1996.0
150,Gotytom GEBRESLASE,ETH,1995.0
151,Ayantu KUMELA,ETH,1996.0
152,Lea MEYER,GER,1997.0
153,Nanase TANIMOTO,JPN,2002.0
154,Wakana ITSUKI,JPN,1994.0
155,Janeth CHEPNGETICH,KEN,1998.0
156,Hisami ISHII,JPN,1995.0
157,Helin MEIER,EST,1992.0
158,Tigist GASHAW,BRN,1996.0
159,Berenice CLEYET-MERLE,FRA,1994.0
160,Vera COUTELLIER,GER,1995.0
161,Clara MAYFIELD,USA,
162,Pavla ŠTOUDKOVÁ,CZE,2003.0
163,Emebet NIGUSE,ETH,1999.0
164,Yujin KIM,KOR,1996.0
165,Melknat WUDU,ETH,2005.0
166,Gracie HYDE,USA,
167,Ran URABE,JPN,1995.0
168,Olga FIRSOVÁ,AUS,1983.0
169,Charlotte MOUCHET,FRA,1996.0
170,Gabby HENTEMANN,USA,
171,Aurelia Jerotich KIPTUI,KEN,1996.0
172,Giulia APRILE,ITA,1995.0
173,Misaki ICHIDA,JPN,1991.0
174,Anita POMA,PER,2004.0
175,Janeth Nyiva MUTUNGI,KEN,2004.0
176,Amid Fozya JEMAL,ETH,1998.0
177,Sara HALL,USA,1983.0
178,Ruth CHEPNGETICH,KEN,1994.0
179,Florence CARON,CAN,2000.0
180,Shuangshuang XU,CHN,1996.0
181,Elise CRANNY,USA,1996.0
182,Taylor ROE,USA,2000.0
183,Huiru LIU,CHN,2005.0
184,Charlotte AUGENSTEIN,USA,2002.0
185,Anna KRASILNIKOVA,RUS,2003.0
186,Fancy CHEMUTAI,KEN,1995.0
187,Ayu HENMI,JPN,2000.0
188,Clara EVANS,GBR,1993.0
189,Magdalyne MASAI,KEN,1993.0
190,Alice SEGUIN,FRA,2002.0
191,Tessa MCCORMICK,GBR,1995.0
192,Yuumi FURUKAWA,JPN,2001.0
193,Lelise WAKWEYA,ETH,2005.0
194,Cleo BOYD,CAN,1993.0
195,Federica DEL BUONO,ITA,1994.0
196,Kaitlyn PEALE,USA,1989.0
197,Mirriam CHEROP,KEN,1999.0
198,Momoko WATANABE,JPN,1998.0
199,Maor TIYOURI,ISR,1990.0
200,Alla SIDOROVA,RUS,1994.0
201,Ruby SMEE,AUS,2000.0
202,Nelvin JEPKEMBOI,KEN,2000.0
203,Cameron ORMOND,CAN,2001.0
204,Knight ACIRU,UGA,1998.0
205,Saki ARAI,JPN,2004.0
206,Megan KEITH,GBR,2002.0
207,Sophia TOTI,USA,2002.0
208,Deshun ZHANG,CHN,1996.0
209,Fatima Azzahraa OUHADDOU NAFIE,ESP,1993.0
210,Weini KELATI FREZGHI,USA,1996.0
211,Merel VAN DER MAREL,NED,1999.0
212,Aoibhe RICHARDSON,IRL,1996.0
213,Tecla LOKRALE,KEN,1998.0
214,Aisha PRAUGHT LEER,JAM,1989.0
215,Meskerem MOGES,ETH,
216,Klara ANDRIJAŠEVIĆ,CRO,2001.0
217,Olivia MORGANTI,USA,2002.0
218,Chloe GONZALEZ,USA,
219,Fatima Zahra OUHRISSE,MAR,1998.0
220,Joceline WIND,SUI,2000.0
221,Xuemei HUANG,CHN,1992.0
222,Girmawit GEBRZIHAIR,ETH,2001.0
223,Whittni MORGAN,USA,1997.0
224,Mikuni YADA,JPN,1999.0
225,Pauline KAMULU,KEN,1994.0
226,Karisa NELSON,USA,1996.0
227,Lily PARTRIDGE,GBR,1991.0
228,Cecile JAROUSSEAU,FRA,1993.0
229,Buzunesh GETACHEW,ETH,1997.0
230,Aliphine Chepkerker TULIAMUK,USA,1989.0
231,Maia RAMSDEN,NZL,2002.0
232,Dilek KOÇAK,TUR,2005.0
233,Mizuki MICHISHITA,JPN,2001.0
234,Marybeth CHELANGA,USA,1989.0
235,Deborah SCHÖNEBORN,GER,1994.0
236,Desiree LINDEN,USA,1983.0
237,Lilly LAVIER,USA,
238,Alyson CHURCHILL,USA,2002.0
239,Jacelyn GRUPPEN,NED,1989.0
240,Yuki HIDAKA,JPN,1992.0
241,Carmen ALDER CAISALITIN,ECU,2003.0
242,Nawal YAHI,ALG,1991.0
243,Natasha WILSON,GBR,1992.0
244,Sara NESTOLA,ITA,2001.0
245,Honami MAEDA,JPN,1996.0
246,Saki KATAGIHARA,JPN,2001.0
247,Rina KUSU,JPN,1993.0
248,Žofia NAŇOVÁ,SVK,1991.0
249,Jackline CHELAL,KEN,1992.0
250,Ineke VAN KOLDAM,NED,1997.0
251,Jierushayuri MAYAKA,JPN,2001.0
252,Yuyu XIA,CHN,1998.0
253,Dorothy Jepkoech KIMUTAI,KEN,2003.0
254,Samantha TRAN,USA,
255,Honoka SUGIURA,JPN,1997.0
256,Hannah STEELMAN,USA,1999.0
257,Emilie JACQUOT-CLAUDE,FRA,1985.0
258,Chikako MORI,JPN,1992.0
259,Hanna KLEIN,GER,1993.0
260,Silke JONKMAN,NED,1997.0
261,Sarah CHELANGAT,UGA,2001.0
262,Ai HOSODA,JPN,1995.0
263,Isobel BATT-DOYLE,AUS,1995.0
264,Fabiane MEYER,GER,2002.0
265,Glenrose XABA,RSA,1994.0
266,Hanna LINDHOLM,SWE,1979.0
267,Meseret ABEBAYAHAU,ETH,1998.0
268,Rabea SCHÖNEBORN,GER,1994.0
269,Madoka NAKANO,JPN,1991.0
270,Gayanthika ARTIGALA,SRI,1986.0
271,Genet Habela ABDURKADIR,ETH,1997.0
272,Viviana AROCHE LOPEZ,GUA,1994.0
273,Ayantu ABDI,ETH,1992.0
274,Jackline CHERONO,KEN,1998.0
275,Olivia HOWELL,USA,2001.0
276,Angela VICIOSA,ESP,2002.0
277,Palmenia Raquel AGUDELO BERRIO,COL,1992.0
278,Roxane CLEPPE,BEL,2001.0
279,Laurie BARTON,USA,1998.0
280,Jessica WARNER-JUDD,GBR,1995.0
281,Melissa RIGGINS,USA,
282,Rebecca MURRAY,GBR,1994.0
283,Susan KAMOTHO,KEN,2004.0
284,Jane Jelagat SEUREY,KEN,1986.0
285,Bethany HASZ,USA,1997.0
286,Joana FERREIRA,POR,1997.0
287,Hilda KIPTUM,KEN,1998.0
288,Letizia DI LISA,ITA,1995.0
289,Klaudia O'MALLEY,USA,
290,Joyciline JEPKOSGEI,KEN,1993.0
291,Cristina MOLTENI,ITA,2000.0
292,Margarita HERNANDEZ FLORES,MEX,1985.0
293,Siona CHISHOLM,CAN,2003.0
294,Adelle TRACEY,JAM,1993.0
295,Etagegne WOLDU,ETH,1996.0
296,Alemtsehay ASEFA,ETH,1998.0
297,Lemlem NIBRET,ETH,2005.0
298,Emmaculate Anyango ACHOL,KEN,2000.0
299,Anna BAŃKOWSKA,POL,1990.0
300,Yuki NAKAMURA,JPN,2000.0
301,Samiyah HASSAN NOUR,DJI,1999.0
302,Jessica MCLAIN,USA,1992.0
303,Amisa MURAYAMA,JPN,2004.0
304,Fantu ZEWUDE,ETH,1996.0
305,Ririka HIRONAKA,JPN,2000.0
306,Selma BENFARES,GER,1999.0
307,Lili DAS,IND,1998.0
308,Annie SAUGSTRUP,DEN,1996.0
309,Afera GODFAY,ETH,1991.0
310,Carina REICHT,AUT,2001.0
311,Maureen JEPKOECH,KEN,2004.0
312,Medhin GEBRESLASSIE,ETH,1999.0
313,Linet Chepkwemoi MASAI,KEN,1989.0
314,Hilda CHEBET,KEN,2003.0
315,Joan Chelimo MELLY,ROU,1990.0
316,Mia JURENKA,GER,2002.0
317,Ellie WALLACE,GBR,1999.0
318,Citlali CRISTIAN MOSCOTE,MEX,1995.0
319,Ayuka KAZAMA,JPN,2001.0
320,Roisin FLANAGAN,IRL,1997.0
321,Fiona SMITH,USA,
322,Martha MOKAYA,KEN,2001.0
323,Ejgayehu TAYE,ETH,2000.0
324,Moira STEWARTOVÁ,CZE,1995.0
325,Margaret AKIDOR,KEN,2002.0
326,Luz Mery ROJAS,PER,1993.0
327,Sadie SIGFSTEAD,CAN,2003.0
328,Sentayehu LEWETEGN,ETH,1996.0
329,Gracelyn LARKIN,CAN,2001.0
330,Carmen GRAVES,USA,1991.0
331,Elizabeth STOCKMAN,USA,
332,Lucie GRANDJEAN,BEL,2003.0
333,Paulina KACZYŃSKA,POL,1991.0
334,Senayet GETACHEW,ETH,2005.0
335,Nina VOELCKEL,GER,1999.0
336,Katharina TROST,GER,1995.0
337,Miriam DATTKE,GER,1998.0
338,Blanca FERNÁNDEZ,ESP,1992.0
339,Risa YAMAZAKI,JPN,2002.0
340,Viola Jelagat KIBIWOT,KEN,1983.0
341,Waganesh MEKASHA,ETH,1992.0
342,Louise MORVAL,FRA,2002.0
343,Lilly TUCK,CAN,2001.0
344,Catherine Reline AMANANG'OLE,KEN,2002.0
345,Raquel ECHEVERRIA,ESP,2000.0
346,Rosalía TÁRRAGA,ESP,1996.0
347,Valentina GEMETTO,ITA,1998.0
348,Mélanie ALLIER,FRA,1999.0
349,Sifan HASSAN,NED,1993.0
350,Giovanna SELVA,ITA,2000.0
351,Lydia Jeruto LAGAT,KEN,2000.0
352,Aliandrea UPSHAW,USA,
353,Ayuko SUZUKI,JPN,1991.0
354,Eloise WALKER,GBR,2001.0
355,Morgan JENSEN,USA,
356,Marta PEN FREITAS,POR,1993.0
357,Kassie PARKER,USA,1999.0
358,Paige MARCHANT,CAN,2005.0
359,Angela TANUI,KEN,1992.0
360,Klara LUKAN,SLO,2000.0
361,Callie HARDY,USA,
362,Shuho TAKAHASHI,JPN,2002.0
363,Sarah WANJIRU,KEN,2004.0
364,Bontu BEKELE,ETH,1989.0
365,Julia ŚCISŁOWSKA,POL,2003.0
366,Vivian Jepkemei CHERUIYOT,KEN,1983.0
367,Yukari ABE,JPN,1989.0
368,Weronika LIZAKOWSKA,POL,1998.0
369,Edinah JEROTICH,KEN,1998.0
370,Malin EDLAND,NOR,1999.0
371,Annie MANN,GBR,2006.0
372,Maddie ALM,USA,1993.0
373,Makenna MYLER,USA,1990.0
374,Konstanze KLOSTERHALFEN,GER,1997.0
375,Maki IZUMIDA,JPN,1996.0
376,Natsumi MATSUSHITA,JPN,1995.0
377,Melissa COURTNEY-BRYANT,GBR,1993.0
378,Yeneabeba EIGU,ETH,1999.0
379,Sultan HAYDAR,TUR,1987.0
380,Mhairi MACLENNAN,GBR,1995.0
381,Nikki HILTZ,USA,1994.0
382,Ai YAMADA,JPN,2003.0
383,Carrie VERDON,USA,1994.0
384,Grace CONNOLLY,USA,2001.0
385,Mirriam CHEBET,KEN,2000.0
386,Haruka KOKAI,JPN,2003.0
387,Saki FUKUI,JPN,1996.0
388,Sheila CHEPKIRUI,KEN,1990.0
389,Dagmar SMID,NED,1997.0
390,Bahar ATALAY,TUR,1998.0
391,Veerle BAKKER,NED,1997.0
392,Agnes Jebet NGETICH,KEN,2001.0
393,Ryo KOIDO,JPN,1997.0
394,Lisa ROOMS,BEL,1996.0
395,Cynthia CHEMWENO,KEN,1996.0
396,Muliye DEKEBO,ETH,1998.0
397,Kaena TAKEYAMA,JPN,1995.0
398,Teagan SCHEIN-BECKER,USA,2000.0
399,Elise THORNER,GBR,2001.0
400,Lyubov DUBROVSKAYA,RUS,1997.0
401,Alina REH,GER,1997.0
402,Wuga HE,CHN,1998.0
403,Jeralyn POE,USA,
404,Kristen GARCIA,USA,
405,Brianna ROBLES,USA,
406,Adanech MEKONNEN,ETH,1997.0
407,Samantha HARRISON,GBR,1995.0
408,Nwabisa MJOLI,RSA,1992.0
409,Kanako TAKEMOTO,JPN,1996.0
410,Cara LAVERTY,IRL,2003.0
411,Kyla MARTIN,CAN,2005.0
412,Fadouwa LEDHEM,FRA,1987.0
413,Zenebu BIHONEGN,ETH,1998.0
414,Keira D'AMATO,USA,1984.0
415,Betsy SAINA,USA,1988.0
416,Selly Chepyego KAPTICH,KEN,1985.0
417,Irene PELAYO,ESP,1980.0
418,Regan YEE,CAN,1995.0
419,Jetske VAN KAMPEN,NED,1998.0
420,Yazmine WRIGHT,USA,
421,Lauren RYAN,AUS,1998.0
422,Rabecca CHEPKWEMOI,KEN,
423,Michaela REINHART,USA,
424,Tigist GETNET,ETH,2003.0
425,Carina VILJOEN,RSA,1997.0
426,Uliana RACHYNSKA,UKR,2003.0
427,Ava DUGGAN,NZL,2003.0
428,Sarah CALVERT,GBR,2001.0
429,Antje PFÜLLER,SUI,2002.0
430,Ana Mafalda FERREIRA,POR,1988.0
431,Anna VIKULOVA,RUS,1995.0
432,Gionna QUARZO,USA,
433,Chloe HERSHENOW,USA,2000.0
434,Carla SWEENEY,IRL,1998.0
435,Cintia CHEPNGENO,KEN,2000.0
436,Amy O'DONOGHUE,IRL,1994.0
437,Camila NOE,USA,
438,Rebekah AITKENHEAD,NZL,1993.0
439,Dominique SCOTT,RSA,1992.0
440,Edibe YAĞIZ,TUR,2006.0
441,Abbe GOLDSTEIN,USA,1999.0
442,Karoline Bjerkeli GRØVDAL,NOR,1990.0
443,Mao UESUGI,JPN,1995.0
444,Erin STRZELECKI,USA,
445,Dana FEYEN,USA,
446,Rion FURUKAWA,JPN,2001.0
447,Laura TABORDA,POR,1999.0
448,Lucia STAFFORD,CAN,1998.0
449,Alicia BERZOSA,ESP,2000.0
450,Maitane MELERO,ESP,1983.0
451,Rachel MORTIMER,CAN,2001.0
452,Lili Anna VINDICS-TÓTH,HUN,1998.0
453,Ayano IDE,JPN,1999.0
454,Emily COVERT,USA,
455,Jaylah HANCOCK-CAMERON,AUS,2002.0
456,Femke ROSBERGEN,NED,2002.0
457,Sofiia YAREMCHUK,ITA,1994.0
458,Rebecca JERUTO,KEN,1991.0
459,Beyenu DEGEFA,ETH,1999.0
460,Tejitu SIYUM,ETH,1995.0
461,Jade LE CORRE,FRA,2005.0
462,Nikita MOORE,AUS,2002.0
463,Abby NICHOLS,USA,1997.0
464,Selam FENTE,ETH,2003.0
465,Mariah HOWLETT,USA,
466,Yume GOTO,JPN,2000.0
467,Marta GALIMANY,ESP,1985.0
468,Changqin DING,CHN,1991.0
469,Nagisa SHIMOTABIRA,JPN,1998.0
470,Gaia COLLI,ITA,1999.0
471,Mercy CHELANGAT,KEN,1997.0
472,Aberu AYANA,ETH,1993.0
473,Helah Jelagat KIPROP,KEN,1985.0
474,Alex TEUBEL,USA,1993.0
475,Rodah JEPKORIR,KEN,1991.0
476,Dorcas Jepchirchir TUITOEK,KEN,1998.0
477,Daisy LILJEGREN,USA,
478,Stefanie PARSONS,CAN,1999.0
479,Teresiah Muthoni GATERI,KEN,2002.0
480,Birke HAYLOM,ETH,2006.0
481,Mao ICHIYAMA,JPN,1997.0
482,Lauren CHURCH,GBR,1998.0
483,Hitomi NIIYA,JPN,1988.0
484,Kazuna KANETOMO,JPN,2001.0
485,Sofia ENNAOUI,POL,1995.0
486,Moe SHIMIZU,JPN,2001.0
487,Courtney HUFSMITH,CAN,1998.0
488,Caroline POMERLEAU,CAN,1995.0
489,Loral WINN,USA,
490,Ella GILSON,USA,
491,Anna CAMP BENNETT,USA,1998.0
492,Selamawit TEFERI,ISR,1994.0
493,Rachel SUTLIFF,USA,
494,Laura NAGEL,NZL,1992.0
495,Alessia ZARBO,FRA,2001.0
496,Aleksandra BRZEZIŃSKA,POL,1991.0
497,Grethe TYLDUM,NOR,2001.0
498,Anne-Marie COMEAU,CAN,1996.0
499,Águeda MARQUÉS,ESP,1999.0
500,Haruko HOSAKA,JPN,2001.0
501,Célia TABET,FRA,1999.0
502,Sydney LITTLE LIGHT,USA,
503,Rahma TUSA,ETH,1993.0
504,Maika KOBAYASHI,JPN,2002.0
505,Lauren FREELAND,USA,
506,Mathilde SÉNÉCHAL,FRA,1998.0
507,Alem NIGUSSIE,ETH,2002.0
508,Rylee PENN,USA,
509,Pauline WANJIKU,KEN,2007.0
510,Irine Chepet CHEPTAI,KEN,1992.0
511,Eva CHERONO,KEN,1996.0
512,Hannah NUTTALL,GBR,1997.0
513,Medina Deme ARMINO,ETH,1997.0
514,Alexandra MILLARD,GBR,2001.0
515,Tiantian LIANG,CHN,2004.0
516,Claire MCCUNE,USA,
517,Risper GESABWA,MEX,1989.0
518,Lenuta Petronela SIMIUC,ROU,1994.0
519,Olivia WESLIEN,SWE,1997.0
520,Ella BARAN,USA,
521,Rio EINAGA,JPN,2002.0
522,Katrina SPRATFORD-STERLING,USA,1990.0
523,Wilma NIELSEN,SWE,2001.0
524,Hanna HERMANSSON,SWE,1989.0
525,Koharu KANEKO,JPN,2004.0
526,Ivyne JERUTO,KEN,1993.0
527,Mekedes ALEMESHETE,ETH,2006.0
528,Julie-Anne STAEHLI,CAN,1993.0
529,Kebebush YISMA,ETH,1998.0
530,Agnes KEINO,KEN,1988.0
531,Kasumi NISHIHARA,JPN,1989.0
532,Marinela NINEVA,BUL,1993.0
533,Mao KIYOTA,JPN,1993.0
534,Kate CURRENT,CAN,1998.0
535,Laura HOTTENROTT,GER,1992.0
536,Katie SNOWDEN,GBR,1994.0
537,Carla GALLARDO,ESP,1999.0
538,Kasu BITEW,ETH,1999.0
539,Josette ANDREWS,USA,1995.0
540,Violah CHEPTOO,KEN,1989.0
541,Jesca CHELANGAT,KEN,1998.0
542,Anna VESS,USA,
543,Laura MUIR,GBR,1993.0
544,Caroline Cheptanui KILEL,KEN,1981.0
545,Medina EISA,ETH,2005.0
546,Jill HOLTERMAN,NED,1991.0
547,Ami FURUNISHI,JPN,2003.0
548,Amane Beriso SHANKULE,ETH,1991.0
549,Faith CHEPKOECH,KEN,1993.0
550,Aydee LOAYZA,PER,1994.0
551,Alemitu TARIKU,ETH,2000.0
552,Li BAI,CHN,1996.0
553,Meritxell SOLER,ESP,1992.0
554,Nina WHITFORD,CAN,2000.0
555,Chloe SCRIMGEOUR,USA,2003.0
556,Svetlana APLACHKINA,RUS,1992.0
557,Kebene CHALA,ETH,1999.0
558,Viktoriia KALIUZHNA,UKR,1994.0
559,Linden HALL,AUS,1991.0
560,Allie BUCHALSKI,USA,1995.0
561,Monica WANJIKU,KEN,2002.0
562,Fatiha ASMID,MAR,1992.0
563,Madeleine BERKSON,USA,1996.0
564,Tatiana CORNEJO,USA,
565,Maria KASSOU,GRE,2003.0
566,Mary NGUGI-COOPER,KEN,1988.0
567,Molly HUDDLE,USA,1984.0
568,Molly HUDSON,GBR,2002.0
569,Alexandra LUCKI,CAN,1996.0
570,Madison HEISTERMAN,CAN,2000.0
571,Hiwot GEBREKIDAN,ETH,1995.0
572,Thea HEIM,GER,1992.0
573,Yolanda NGARAMBE,SWE,1991.0
574,Bailey HERTENSTEIN,USA,
575,Mary BRADY,USA,
576,Anais QUEMENER,FRA,1991.0
577,Hasna ZAHI,MAR,1991.0
578,Aiko FUJITA,JPN,1996.0
579,Alicia ANDERSON,USA,
580,Sifan MELAKU,ETH,2000.0
581,Laura NICHOLSON,IRL,2000.0
582,Anastasiya PLATONOVA,RUS,2003.0
583,Cynthia JEROTICH,KEN,1989.0
584,Carolina SCHÄFER,GER,2004.0
585,Fabienne SCHLUMPF,SUI,1990.0
586,Anna JUREW,USA,1997.0
587,Gudaf TSEGAY,ETH,1997.0
588,Beatrice CHEPTOO,KEN,1993.0
589,Brynn BROWN,USA,2003.0
590,Paulina STEMPNIAK,POL,2004.0
591,Abbey CALDWELL,AUS,2001.0
592,Aurore FLEURY,FRA,1993.0
593,Clementine MUKANDANGA,RWA,1985.0
594,Burcu SUBATAN,TUR,1997.0
595,Marie BILO,BEL,2003.0
596,Vicoty CHEPNGENO,KEN,1993.0
597,Maudie SKYRING,AUS,1997.0
598,Lilian Kasait RENGERUK,KEN,1997.0
599,Jaqueline Beatriz WEBER,BRA,1995.0
600,Alice GOODALL,GBR,2001.0
601,Joan KIPYATICH,KEN,1998.0
602,Isabel BARREIRO,ESP,1999.0
603,Akina FUJIMURA,JPN,1998.0
604,Aiwa SAKAGUCHI,JPN,2001.0
605,Helen SCHLACHTENHAUFEN,USA,1995.0
606,Madalina-Elena SIRBU,ROU,2003.0
607,Angelika MACH,POL,1991.0
608,Maria Luz TESURI,ARG,1993.0
609,Kellyn TAYLOR,USA,1986.0
610,Anchinalu DESSIE,ETH,2003.0
611,Angel PICCIRILLO,USA,1994.0
612,Nanna BOVÉ,DEN,1995.0
613,Samantha STIEVE,USA,
614,Katherine TISALEMA PURUNCAJA,ECU,1996.0
615,Maddy ELMORE,USA,
616,Chloe FOERSTER,USA,2003.0
617,Lemlem HAILU,ETH,2001.0
618,Hannah IRWIN,GBR,1998.0
619,Juliet CHERUBET,KEN,
620,Fatima Ezzahra GARDADI,MAR,1992.0
621,Haven Hailu DESSE,ETH,1998.0
622,Manon TRAPP,FRA,2000.0
623,Michaela MEYER,USA,1998.0
624,Desi Jisa MOKONIN,BRN,1997.0
625,Dina ALEKSANDROVA,RUS,1992.0
626,Laura MOONEY,IRL,2002.0
627,Emily DURGIN,USA,1994.0
628,Eriko OTSUKA,JPN,1992.0
629,Mitsu OZAKI,JPN,2003.0
630,Anita ŽÁKOVÁ,CZE,2000.0
631,Naom JEBET,KEN,1994.0
632,Elizeba CHERONO,NED,1988.0
633,Viktória WAGNER-GYÜRKÉS,HUN,1992.0
634,Naomi CHEPNGENO,KEN,1994.0
635,Abigail HASSMAN,USA,
636,Taryn RAWLINGS,USA,1996.0
637,Alma Delia CORTES,MEX,1997.0
638,Ednah KURGAT,USA,1991.0
639,Sophia KENNEDY,USA,2005.0
640,Kristina HENDEL,GER,1996.0
641,Dorcas Jepchumba KIMELI,KEN,1997.0
642,Mahiru KOBAYASHI,JPN,2002.0
643,Maria FORERO,ESP,2003.0
644,Diane VAN ES,NED,1999.0
645,Johanna LARSSON,SWE,1993.0
646,Atalel ANMUT,ETH,1999.0
647,Emeline IMANIZABAYO,RWA,1996.0
648,Iwona BERNARDELLI,POL,1985.0
649,Feyne GEMEDA,ETH,1992.0
650,Susanna SULLIVAN,USA,1990.0
651,Phoebe ANDERSON,GBR,2002.0
652,Kaltoum BOUAASAYRIYA,MAR,1982.0
653,Cailie LOGUE,USA,1999.0
654,Tristin VAN ORD,USA,1994.0
655,Li-mari DEKKER,RSA,2005.0
656,Julia NIELSEN,SWE,2001.0
657,Pauline Chemning KORIKWIANG,KEN,1988.0
658,Nelly CHEPCHIRCHIR,KEN,2003.0
659,Katie CAMARENA,USA,1997.0
660,Rebecca JOHNSON,GBR,1995.0
661,Veronica LOLEO,KEN,1998.0
662,Bryn MORLEY,USA,
663,Julia KORALEWSKA,POL,2002.0
664,Sarah MCDONALD,GBR,1993.0
665,Annie FRISBIE,USA,1996.0
666,Angelin FIGUEROA,PUR,1994.0
667,Alicia MONSON,USA,1998.0
668,Irvette VAN ZYL,RSA,1987.0
669,Cao ZHANG,CHN,2002.0
670,Monica CHEBET,KEN,1997.0
671,Wede KEFALE,ETH,2000.0
672,Ludovica CAVALLI,ITA,2000.0
673,Fuka FUKUNAGA,JPN,2002.0
674,Hui XU,CHN,2003.0
675,Salma ELBADRA,MAR,2004.0
676,Mare DIBABA,ETH,1989.0
677,Enatnesh Alamrew TIRUSEW,ETH,1995.0
678,Muluhabt TSEGA,ETH,1997.0
679,Anna GIBSON,USA,1999.0
680,Kristine Eikrem ENGESET,NOR,1988.0
681,Florencia BORELLI,ARG,1992.0
682,Haruka OGAWA,JPN,2004.0
683,Visiline JEPKESHO,KEN,1989.0
684,Sakiko NAITO,JPN,1994.0
685,Melissa FRACASSINI,ITA,2003.0
686,Jacqueline GAUGHAN,USA,1999.0
687,Hanane QALLOUJ,MAR,1992.0
688,Selma ENGDAHL,NOR,2001.0
689,Nadia BATTOCLETTI,ITA,2000.0
690,Elisa PALMERO,ITA,1999.0
691,Kaho HORIO,JPN,1999.0
692,Esther GUERRERO,ESP,1990.0
693,Yuna DAITO,JPN,1997.0
694,Hawi FEYSA,ETH,1999.0
695,Danielle POLERECKY,USA,1994.0
696,Caroline NYAGA,KEN,1993.0
697,Julia DAVID-SMITH,FRA,2003.0
698,Katie WASSERMAN,USA,1998.0
699,Natasha WODAK,CAN,1981.0
700,Charity CHEROP,UGA,2007.0
701,Lily FLYNN,USA,2001.0
702,Zuzanna WIERNICKA,POL,2006.0
703,Liza ŠAJN,SLO,2002.0
704,Jodie MCCANN,IRL,2000.0
705,Sara Catarina RIBEIRO,POR,1990.0
706,Azmera GEBRU,ETH,1995.0
707,Viola CHEPNGENO,KEN,1998.0
708,Mariana BORELLI,ARG,1992.0
709,Maddie SALEK,USA,
710,Rika KASEDA,JPN,1999.0
711,Nancy JEPLETING,KEN,2001.0
712,Shuko GENEMO,ETH,1995.0
713,Diana CHEROTICH,KEN,2005.0
714,Eliza MEGGER,POL,1999.0
715,Mia BARNETT,USA,2003.0
716,Tiruye MESFIN,ETH,2002.0
717,Katharina STEINRUCK,GER,1989.0
718,Tara PALM,AUS,1985.0
719,Julia JAGUŚCIK,POL,2003.0
720,Mizuki MATSUDA,JPN,1995.0
721,Yukako SHIRAISHI,JPN,1998.0
722,Monica HEBNER,USA,
723,Aynalem KASSAHUN,ETH,1993.0
724,Grace BARNETT,USA,1995.0
725,Inès HAMOUDI,FRA,2001.0
726,Almaz AYANA,ETH,1991.0
727,Anna ŠIMKOVÁ,CZE,1998.0
728,Sarah PEERIK,NED,2002.0
729,Yuzu NISHIDE,JPN,2000.0
730,Marta GARCÍA,ESP,1998.0
731,Faith DEMARS,USA,2002.0
732,Eva SCHULTZ,GER,1995.0
733,Yana PEREPELITSA,RUS,2000.0
734,Judy KEMBOI,KEN,1999.0
735,Winny CHEBET,KEN,1990.0
736,Aurora BADO,ITA,2002.0
737,Ruti AGA,ETH,1994.0
738,Kimberley MAY,NZL,2003.0
739,Sinead NOONAN,AUS,1992.0
740,Yuri TASAKI,JPN,2001.0
741,Meselu BERHE,ETH,2000.0
742,Wakana KABASAWA,JPN,1999.0
743,Philippine DE LA BIGNE,FRA,1998.0
744,Shannon FLOCKHART,GBR,2002.0
745,Christina GEISLER,USA,
746,Shuri OGASAWARA,JPN,2000.0
747,Hikari OHNISHI,JPN,2000.0
748,Jennifer RANDALL,USA,1991.0
749,Melissa ANASTASAKIS,GRE,1998.0
750,Salomé AFONSO,POR,1997.0
751,Judith Jeptum KORIR,KEN,1995.0
752,Lydia KORIR,KEN,1993.0
753,Laura PRIEGO,ESP,1998.0
754,Jovana DE LA CRUZ,PER,1992.0
755,Chloé HERBIET,BEL,1998.0
756,Miku ISONO,JPN,2001.0
757,Aberash DEMISSE,ETH,1997.0
758,Sara Schou KRISTENSEN,DEN,1997.0
759,Bashanke BILO,ETH,1998.0
760,Malika BENDERBAL,ALG,1983.0
761,Sarah BILLINGS,AUS,1998.0
762,Camila GOMES,POR,2002.0
763,Sydney THORVALDSON,USA,2003.0
764,Niamh KEARNEY,IRL,1992.0
765,Rosemary WANJIRU,KEN,1994.0
766,Joy CHEPTOYEK,UGA,2002.0
767,Ciara MAGEEAN,IRL,1992.0
768,Maria UREÑA,ESP,1996.0
769,Vera SJÖBERG,SWE,2001.0
770,Martyna GALANT,POL,1995.0
771,Tseginesh MEKONNIN,ETH,1992.0
772,Mestawut FIKIR,ETH,2000.0
773,Amelia MAZZA-DOWNIE,AUS,1999.0
774,Yasna PETROVA,BUL,2002.0
775,Cacisile SOSIBO,RSA,1997.0
776,Irine Jepchumba KIMAIS,KEN,1998.0
777,Verity OCKENDEN,GBR,1991.0
778,Laetitia BLEUNVEN,FRA,1992.0
779,Naomi MUSSONI,KEN,1998.0
780,Valerie LASTRA,USA,2002.0
781,Morine Gesare MICHIRA,KEN,2002.0
782,Alycia CRIDEBRING,USA,1992.0
783,Tsige HAILESLASE,ETH,2000.0
784,Ababel YESHANEH,ETH,1991.0
785,Angelia RAFTER,USA,
786,Yalemzerf YEHUALAW,ETH,1999.0
787,Erin WALLACE,GBR,2000.0
788,Margaret LIEBICH,USA,
789,Erina YASUI,JPN,1989.0
790,Yelena SEDOVA,RUS,1990.0
791,Mireya ARNEDILLO,ESP,2003.0
792,Naima AIT ALIBOU,ESP,1999.0
793,Karolína JAROŠOVÁ,CZE,2006.0
794,Purity CHEPKIRUI,KEN,2003.0
795,Amy-Eloise NEALE,GBR,1995.0
796,Olga VOVK,RUS,1993.0
797,Abir REFFAS,ALG,1997.0
798,Dan LI,CHN,1995.0
799,Sechale DALASA,ETH,1991.0
800,Ellie LEATHER,GBR,1998.0
801,Edinah JEBITOK,KEN,2001.0
802,Chimdesa KUMSA,ETH,1995.0
803,Miku SAKAI,JPN,2002.0
804,Maryna NEMCHENKO,UKR,1996.0
805,India JOHNSON,USA,1999.0
806,Caroline TIMM,USA,2000.0
807,Adèle GAY,FRA,2004.0
808,Emie Lotta BERGER,GER,2006.0
809,Rino GOSHIMA,JPN,1997.0
810,Sabina JARZĄBEK,POL,1993.0
811,Soukaina ATANANE,MAR,1994.0
812,Samantha HASTIE,USA,
813,Yonca KUTLUK,TUR,2000.0
814,Tabithanjeri KAMAU,KEN,2000.0
815,Emma Grace HURLEY,USA,1997.0
816,Jana VAN LENT,BEL,2001.0
817,Jesselyn BRIES,USA,
818,Paige WOOD,USA,1996.0
819,Joselyn Daniely BREA,VEN,1994.0
820,Rebecca MWANGI,KEN,2001.0
821,Zoya NAUMOV,ESP,1995.0
822,Ethlemahu SINTAYEHU,ETH,2001.0
823,Emily MACKAY,USA,1998.0
824,Yenenesh TILAHUN DINKESA,ETH,1994.0
825,Hannah ANDERSON,GBR,2002.0
826,Sheila CHELANGAT,KEN,1998.0
827,Anastasia MARINAKOU,GRE,1996.0
828,Giselle ÁLVAREZ,CHI,1992.0
829,Rylie LUSK,USA,
830,Jessica KAIN,USA,
831,Akino ASAHINA,JPN,1999.0
832,Gulume CHALA,ETH,1992.0
833,Muriel CONEO PAREDES,COL,1987.0
834,Nanami AOKI,JPN,1995.0
835,Bere AYALEW,ETH,1999.0
836,Kayley DELAY,USA,1999.0
837,Ashete BEKERE,ETH,1988.0
838,Ketabo Chaltu SHUNA,ETH,1998.0
839,Kaylee BEYER,USA,2000.0
840,Hellen OBIRI,KEN,1989.0
841,Johanna PEIPONEN,FIN,1990.0
842,Anne-Kathrin SPICKHOFF,GER,1997.0
843,Sophy JEPCHIRCHIR,KEN,1993.0
844,. ANKITA,IND,2002.0
845,Sardana TROFIMOVA,KGZ,1988.0
846,Veronica MAINA,KEN,1989.0
847,Sarah HEALY,IRL,2001.0
848,Edymar BREA,VEN,1997.0
849,Ava DOBSON,USA,
850,Kiara NAHEN,GER,2002.0
851,Fiona O'KEEFFE,USA,1998.0
852,Jennifer GULIKERS,NED,1994.0
853,Aberash FAYESA,ETH,1995.0
854,Ellie BAKER,GBR,1998.0
855,Danielle ORIE,USA,1999.0
856,Klaudia KAZIMIERSKA,POL,2001.0
857,Shyline Jepkorir TOROITICH,KEN,1994.0
858,Tigist TADESE,ETH,1998.0
859,Brianna WEIDLER,USA,
860,Emily SISSON,USA,1991.0
861,Yuko KIKUCHI,JPN,1992.0
862,Sage BROOKS,USA,
863,Aminet AHMED,ETH,2000.0
864,Maeve STILES,USA,2002.0
865,Olimpia BREZA,POL,2002.0
866,Mica RIVERA,PER,2000.0
867,Soukaina HAJJI,MAR,1997.0
868,Susan CHEMBAI,KEN,1999.0
869,Madison TRIPPETT,USA,
870,Akane YABUSHITA,JPN,1991.0
871,Militsa MIRCHEVA,BUL,1994.0
872,Christina ARAGON,USA,1997.0
873,Aamelmal TAGEL,ETH,2000.0
874,Carolina ROBLES,ESP,1991.0
875,Betselot ANDUALEM,ETH,2001.0
876,Michela MORETTON,ITA,2000.0
877,Mikaela LUCKI,CAN,1999.0
878,Flomena ASEKOL,KEN,
879,Shiho TACHIZAKO,JPN,2003.0
880,Nozomi TANAKA,JPN,1999.0
881,Gerda STEYN,RSA,1990.0
882,Kaori MORITA,JPN,1995.0
883,Lucy KARIMI,KEN,1986.0
884,Alexandra SHIPLEY,GBR,1999.0
885,Enatnesh WALELIGN,ETH,
886,Sydney PATTISON,CAN,1998.0
887,Monika JACKIEWICZ,POL,1992.0
888,Audrey DADAMIO,USA,
889,Reia IWADE,JPN,1994.0
890,Nancy CHEPLETING,KEN,
891,Cian OLDKNOW,RSA,1996.0
892,Mebrat GIDEY,ETH,2005.0
893,Laura LUENGO,ESP,1997.0
894,Abigael JELIMO,KEN,1995.0
895,Chika KOSAKAI,JPN,2003.0
896,Chiharu SUZUKI,JPN,1993.0
897,Emily VENTERS,USA,1999.0
898,Yingcui LI,CHN,2002.0
899,Amber ZIMMERMAN,USA,1992.0
900,Sakura TAKEHARA,JPN,2003.0
901,Bertukan WELDE,ETH,2004.0
902,Caroline CHEPKEMOI,KEN,1993.0
903,Laura GALVÁN,MEX,1991.0
904,Daisy CHEROTICH,KEN,1997.0
905,Yayla GÖNEN,TUR,1997.0
906,Małgorzata KARPIUK,POL,2003.0
907,Niamh BRIDSON-HUBBARD,GBR,1998.0
908,Ftaw ZERAY,ETH,1997.0
909,Hanne VERBRUGGEN,BEL,1993.0
910,Karin YASUMOTO,JPN,1996.0
911,Cara FEAIN-RYAN,AUS,1999.0
912,Worknesh ALEMU,ETH,1990.0
913,Kaede KAWAMURA,JPN,1997.0
914,Mary EKIRU,KEN,2000.0
915,Lilla BÖHM,HUN,1994.0
916,Colbi BORLAND,USA,
917,Kira WEIS,GER,2004.0
918,Brooke WILSON,USA,
919,Meseret GEBRE,ETH,1993.0
920,Yuka ANDO,JPN,1994.0
921,Genzebe DIBABA,ETH,1991.0
922,Nigsti HAFTU,ETH,1999.0
923,Tejinesh GEBISA,ETH,1995.0
924,Meryeme AZROUR,MAR,2002.0
925,Briana SCOTT,CAN,1990.0
926,Gaia SABBATINI,ITA,1999.0
927,Gutemi Shone IMANA,ETH,1991.0
928,Stella CHESANG,UGA,1996.0
929,Munkhzaya BAYARTSOGT,MGL,1993.0
930,Nell ROJAS,USA,1987.0
931,Elizabeth WHALEY,USA,2004.0
932,Hong PAN,CHN,1995.0
933,Bojana BJELJAC,CRO,1989.0
934,. SEEMA,IND,2001.0
935,Emma BATES,USA,1992.0
936,Kylee MASTIN,USA,
937,Megan HASZ,USA,1997.0
938,Marie PERRIER,MRI,1995.0
939,Anne Gine LØVNES,NOR,2003.0
940,Kidsan ALEMA,ETH,1995.0
941,Atsede BAYISA,ETH,1987.0
942,Lucy MAWIA,KEN,1998.0
943,Tatsiana SHABANAVA,BLR,1998.0
944,Senbere TEFERI,ETH,1995.0
945,Katie MCCUNE,USA,
946,Phoebe MCCOWAN,USA,
947,Aleksandra PŁOCIŃSKA,POL,1999.0
948,Jessa HANSON,USA,
949,Mizuki KAKIUCHI,JPN,2001.0
950,Shirin KERBER,SUI,2006.0
951,Lise THIMON,FRA,1997.0
952,Maëlle PORCHER,FRA,2002.0
953,Asayech AYICHEW,ETH,2005.0
954,Sanjivani JADHAV,IND,1996.0
955,Leila HADJI,FRA,1998.0
956,Cavaline NAHIMANA,BDI,1997.0
957,Gabriela DEBUES-STAFFORD,CAN,1995.0
958,Delvine Relin MERINGOR,ROU,1992.0
959,Leanne POMPEANI,AUS,1996.0
960,Carolina JOHNSON,SWE,1996.0
961,Maureen KOSTER,NED,1992.0
962,Nesphine JEPLETING,KEN,1996.0
963,Lyla BELSHAW,GBR,2007.0
964,Yuya SAWADA,JPN,2006.0
965,Esther SEELAND,USA,2000.0
966,Kasanesh BAZE,ETH,1999.0
967,Holly CAMPBELL,AUS,1996.0
968,Aniya MOSLEY,USA,
969,Fatma KARASU,TUR,1996.0
970,Nathalie BLOMQVIST,FIN,2001.0
971,Neheng KHATALA,LES,1992.0
972,Aberu Mekuria ZENNEBE,ETH,1983.0
973,Haruka KITAMURA,JPN,2002.0
974,Lilian Jepkemboi LELEI,KEN,1996.0
975,Elly HENES,USA,1998.0
976,Riley CHAMBERLAIN,USA,
977,Leane WILLEMSE,USA,
978,Sichala KUMESHI,ETH,1995.0
979,Caitlin ADAMS,AUS,1997.0
980,Valentine Chepkwemoi MATEIKO,KEN,1996.0
981,Olivia PRATT,USA,1994.0
982,Mackenzie DOYLE,USA,
983,Ilona MONONEN,FIN,2003.0
984,Alexandra HAYS,USA,1999.0
985,Beatrice Chepkemoi MUTAI,KEN,1987.0
986,Daniella SANTOS,USA,
987,Valeriia ZINENKO,UKR,1995.0
988,Douae OUBOUKIR,MAR,1996.0
989,Aleksandra GULYAYEVA,RUS,1994.0
990,Margot APPLETON,USA,2002.0
991,Agathe GUILLEMOT,FRA,1999.0
992,Lydia MILLER,USA,
993,Beatrice CHEPKOECH,KEN,1991.0
994,Alemaddis EYAYU,ETH,1999.0
995,Mackenzie CALDWELL,USA,1996.0
996,Silvia Patricia ORTIZ MOROCHO,ECU,1992.0
997,Anna WORKMAN,CAN,2002.0
998,Ying LU,CHN,1997.0
999,Leonie BALTER,NED,1991.0
1000,Camilla RICHARDSSON,FIN,1993.0
1001,Esther MUTHONI,KEN,2001.0
1002,Parul CHAUDHARY,IND,1995.0
1003,Tsegaye MELESECH,ETH,1994.0
1004,Judith KIYENG,KEN,1993.0
1005,Stacey Chepkemboi NDIWA,KEN,1992.0
1006,Live SOLHEIMDAL,NOR,1996.0
1007,Peyton LEIGH,NZL,2003.0
1008,Kristine Lande DOMMERSNES,NOR,1999.0
1009,Derartu HAILU,ETH,2000.0
1010,Carolina WIKSTRÖM,SWE,1993.0
1011,Erin REIDY,USA,
1012,Tatiane Raquel DA SILVA,BRA,1990.0
1013,Tillie HOLLYER,NZL,2002.0
1014,Edith JEPCHUMBA,KEN,
1015,Sintayehu VISSA,ITA,1996.0
1016,Anna COFFIN,USA,
1017,Hellen Ekalale LOBUN,KEN,1999.0
1018,Yuiri OGATA,JPN,2002.0
1019,Florance UWAJENEZA,USA,
1020,Grace LYNCH,IRL,1993.0
1021,Mary Zenaida GRANJA,ECU,1995.0
1022,Marie BOUCHARD,FRA,1993.0
1023,Analee WEAVER,USA,2003.0
1024,Buze DIRIBA,ETH,1994.0
1025,Wilma Anna BEKKEMOEN TORBIÖRNSS,NOR,2007.0
1026,Janet RUGURU,KEN,1993.0
1027,Danielle VERSTER,RSA,2003.0
1028,Nurit SHIMELS,ETH,1995.0
1029,Jenny BLUNDELL,AUS,1994.0
1030,Lily TOMASULA-MARTIN,USA,
1031,Ayaka KATO,JPN,1999.0
1032,Zenah CHEPTOO,KEN,2002.0
1033,Matea PARLOV KOŠTRO,CRO,1992.0
1034,Melat Yisak KEJETA,GER,1992.0
1035,Thalia VALDIVIA,PER,1996.0
1036,Rose CHELIMO,BRN,1989.0
1037,Lisa WEIGHTMAN,AUS,1979.0
1038,Gladys KWAMBOKA,KEN,1996.0
1039,Giovanna EPIS,ITA,1988.0
1040,Grace Loibach NAWOWUNA,KEN,2003.0
1041,Judy Jepngetich CHEPASKWONY,KEN,2002.0
1042,Cory Ann MCGEE,USA,1992.0
1043,Ellie HARTNETT,IRL,1992.0
1044,Worknesh DEGEFA,ETH,1990.0
1045,Sandrafelis Chebet TUEI,KEN,1998.0
1046,Helena May LINDSAY,JPN,
1047,Jiahui NIU,CHN,2000.0
1048,Hadar OPHIR FORER,ISR,1997.0
1049,Gracie MORRIS,USA,
1050,Savannah SHAW,USA,2000.0
1051,Leslie SEXTON,CAN,1987.0
1052,Majida MAAYOUF,ESP,1989.0
1053,Collette LOWENGRUB,USA,
1054,Annie RODENFELS,USA,1996.0
1055,Abebech AFEWORK,ETH,1990.0
1056,Anja FINK,SLO,1997.0
1057,Misa YIMER,ETH,2004.0
1058,Mary HEINEN,USA,
1059,Solange JESUS,POR,1987.0
1060,Betty CHEPKWONY,KEN,1995.0
1061,Lucinda ROURKE,AUS,2004.0
1062,Sivan AUERBACH,ISR,2000.0
1063,Ingeborg ØSTGÅRD,NOR,2003.0
1064,Amente Sorome NEGASH,ETH,1997.0
1065,Amaris TYYNISMAA,USA,2001.0
1066,Yuno YAMANAKA,JPN,2000.0
1067,Evaline CHIRCHIR,KEN,1998.0
1068,Annika REISS,USA,
1069,Gladys CHEPKURUI,KEN,1994.0
1070,Rahma TAHIRI,MAR,1998.0
1071,Kuba ALEMU,ETH,2001.0
1072,Grace WEIGELE,USA,
1073,Amy BUNNAGE,AUS,2005.0
1074,Daisilah JERONO,KEN,2002.0
1075,Grace MOORE,USA,1998.0
1076,Maurine JEMUTAI,KEN,2000.0
1077,Charne SWART,RSA,2002.0
1078,Yuri MITSUNE,JPN,1998.0
1079,Aubrey FRENTHEWAY,USA,
1080,Taylor WERNER,USA,1998.0
1081,Momoka KAWAGUCHI,JPN,1998.0
1082,Julia HEYMACH,USA,1998.0
1083,Dolphine Nyaboke OMARE,KEN,2001.0
1084,Edna Ngeringwony KIPLAGAT,KEN,1979.0
1085,Stephanie SHERMAN,USA,
1086,Sophia JACOBS-TOWNSLEY,USA,
1087,Carlee HANSEN,USA,
1088,Gabrielle WILKINSON,USA,1999.0
1089,Ava NUTTALL,USA,2001.0
1090,Thi Oanh NGUYEN,VIE,1995.0
1091,Nana SATO,JPN,1989.0
1092,Ghania REZZIK,ALG,2002.0
1093,Calli HAUGER-THACKERY,GBR,1993.0
1094,Lydia Naliaka SIMIYU,KEN,1996.0
1095,Jemila WORTESA,ETH,1986.0
1096,Izabela PASZKIEWICZ,POL,1988.0
1097,Katelyn TUOHY,USA,2002.0
1098,Erika KEMP,USA,1995.0
1099,Winnie KIMUTAI,KEN,2002.0
1100,Jessica HULL,AUS,1996.0
1101,Zeineba YIMER,ETH,1998.0
1102,Kokoro SAKAGAWA,JPN,2004.0
1103,Ella DONAGHU,USA,1998.0
1104,Selah BUSIENEI,KEN,1991.0
1105,Katia DELARCHE,FRA,1993.0
1106,Natalie GRABER,USA,
1107,Ellie HODGE,USA,
1108,Axumawit EMBAYE,ETH,1994.0
1109,Ayça FIDANOĞLU,TUR,2006.0
1110,Laura PELLICORO,ITA,2000.0
1111,Valentine JEBET,KEN,1997.0
1112,Tegest AYALEW,ETH,
1113,Federica SUGAMIELE,ITA,1996.0
1114,Nataliya SEMENOVYCH,UKR,1995.0
1115,Monica Madalina FLOREA,ROU,1993.0
1116,Diana CHEPKORIR,KEN,2001.0
1117,Genevieve GREGSON,AUS,1989.0
1118,Joana Vanessa CARVALHO,POR,1991.0
1119,Samree DISHON,ETH,
1120,Alexandra CARLSON,USA,
1121,Anastasiya MADYSHEVA,RUS,1998.0
1122,Katie OSIKA,USA,
1123,Everlyn KEMBOI,USA,
1124,Fetale TSEGAYE,ETH,1998.0
1125,Daeun JEONG,KOR,1997.0
1126,Anne-Marie BLANEY,USA,1993.0
1127,Meizhen LI,CHN,1999.0
1128,Katie IZZO,USA,1996.0
1129,Sarah ASTIN,GBR,1993.0
1130,Aneta KONIECZEK,POL,1997.0
1131,Carla MASIP,ESP,1997.0
1132,Naomi TASCHIMOWITZ,GBR,1989.0
1133,Dorcas KIPTANUI,KEN,
1134,Grace BOONE,USA,2001.0
1135,María Pía FERNÁNDEZ,URU,1995.0
1136,Judith JERUBET,KEN,1988.0
1137,Shona HEASLIP,IRL,1994.0
1138,Kate AXFORD,GBR,1999.0
1139,Teresiah OMOSA,KEN,1995.0
1140,Lianne VAN DE BELT,NED,1995.0
1141,Coraline MAÂMOURI,FRA,1996.0
1142,Asuka ISHIMATSU,JPN,2003.0
1143,Hirut MESHESHA,ETH,2001.0
1144,Cassidy KEARNEY,USA,
1145,Philippa BOWDEN,GBR,1995.0
1146,Sophie O'SULLIVAN,IRL,2001.0
1147,Mia COCHRAN,USA,
1148,Meseret DINKE,ETH,1996.0
1149,Sigrid Jervell VÅG,NOR,1992.0
1150,Halle HAMILTON,USA,
1151,Shieri DORURI,JPN,2007.0
1152,Zofia DUDEK,POL,2001.0
1153,Dibabe BEYENE,ETH,2001.0
1154,Aoife DUNNE,USA,
1155,Svetlana DOROFEYEVA,RUS,2001.0
1156,Micheline NIYOMAHORO,BDI,2001.0
1157,Sara DUARTE,POR,1999.0
1158,Sisay Meseret GOLA,ETH,1997.0
1159,Nóra SZABÓ,HUN,1988.0
1160,Nele WEßEL,GER,1999.0
1161,Karissa SCHWEIZER,USA,1996.0
1162,Rosina MACHU,USA,
1163,Addison WILEY,USA,2003.0
1164,Anna OESER,USA,1999.0
1165,Harper MCCLAIN,USA,2003.0
1166,Elise VANDERELST,BEL,1998.0
1167,Carolina LOZANO,ARG,1996.0
1168,Nicole EGGER,SUI,1985.0
1169,Annamaria KOSTARELLIS,USA,1999.0
1170,Mizan ALEM,ETH,2002.0
1171,Amina MAATOUG,NED,2002.0
1172,Yuliya POPOVA,RUS,2001.0
1173,Tiki GELANA,ETH,1987.0
1174,Diribe WELTEJI,ETH,2002.0
1175,Olga NYZHNYK,UKR,1990.0
1176,Addisalem BELAY,ETH,1995.0
1177,Isabel OROPEZA VAZQUEZ,MEX,1990.0
1178,Lauren WHITE,USA,
1179,Aynslee VAN GRAAN,RSA,1995.0
1180,Lucy JENKS,USA,
1181,Mizuki TANIMOTO,JPN,1994.0
1182,Georgia GRIFFITH,AUS,1996.0
1183,Esther NAVARRETE,ESP,1990.0
1184,Lauren JOHNSTON,USA,2002.0
1185,Jessica STENSON,AUS,1987.0
1186,Caroline Jebet KORIR,KEN,1994.0
1187,Ruth JEBET,BRN,1996.0
1188,Ayano IKEUCHI,JPN,1994.0
1189,Jacey FARMER,USA,
1190,Ksanet ALEM,ETH,2004.0
1191,Julia VAN VELTHOVEN,NED,1994.0
1192,Judith OTAZUA,ESP,1999.0
1193,Kelsey SWENSON,USA,
1194,Heather MACLEAN,USA,1995.0
1195,Emily Chepkemoi ARUSIO,KEN,1999.0
1196,Bosena MULATIE,ETH,2001.0
1197,Claudia Mihaela BOBOCEA,ROU,1992.0
1198,Elisa BORTOLI,ITA,1994.0
1199,Yalemget YAREGAL,ETH,2003.0
1200,Kinga FARKAS-OHN,HUN,1991.0
1201,Francine NIYOMUKUNZI,BDI,1999.0
1202,Megan DAVIES,GBR,1996.0
1203,Sarah FLYNN,USA,
1204,Maria Gorette SUBANO,ITA,1991.0
1205,Dalila ABDULKADIR,BRN,1998.0
1206,Meseret BELETE,ETH,1999.0
1207,Delele CHEKLIE,ETH,2002.0
1208,Winfridah MOSETI,KEN,1996.0
1209,Jenna HUTCHINS,USA,2004.0
1210,Ava EARL,USA,
1211,Lore QUATACKER,BEL,1998.0
1212,Zinah SENBETA,ETH,1998.0
1213,Zewditu ADERAW,ETH,1996.0
1214,Momoko SHIMADA,JPN,2003.0
1215,Mai SHOJI,JPN,1993.0
1216,Naomi TUEI,KEN,1993.0
1217,Luiza GEGA,ALB,1988.0
1218,Yuka TAKASHIMA,JPN,1988.0
1219,Tomo MURAMATSU,JPN,2002.0
1220,Ümmü KIRAZ,TUR,1982.0
1221,Emily Chebet KIPCHUMBA,KEN,1998.0
1222,Maggie DONAHUE,USA,
1223,Mirai WAKU,JPN,1995.0
1224,Fedra Aldana LUNA,ARG,1995.0
1225,Bing WU,CHN,2001.0
1226,Carolien MILLENAAR,DEN,1997.0
1227,Malindi ELMORE,CAN,1980.0
1228,McKaylie CAESAR,USA,
1229,Isabella THORNTON-BOTT,AUS,1998.0
1230,Peniah JEROP,KEN,1992.0
1231,Maggie MONTOYA,USA,1995.0
1232,Lily MURPHY,USA,
1233,Gabriella ROOKER,USA,1987.0
1234,Siranesh YIRGA,ETH,2000.0
1235,Viktoriia SHKURKO,UKR,1997.0
1236,Josephine CHEPKOECH,KEN,1989.0
1237,Gladys CHESIR,KEN,1993.0
1238,Lucy REID,GBR,1992.0
1239,Mélody JULIEN,FRA,1999.0
1240,Fikrte WERETA,ETH,2000.0
1241,Madelynn HILL,USA,2001.0
1242,Mercyline CHELANGAT,UGA,1997.0
1243,Rebbeca Sirwanei TANUI,KEN,1992.0
1244,Brigid KOSGEI,KEN,1994.0
1245,Yuna WADA,JPN,1999.0
1246,Bontu Edao REBITU,BRN,1997.0
1247,Natalya ARISTARKHOVA,RUS,1989.0
1248,Sara LAPPALAINEN,FIN,1991.0
1249,Vibian CHEPKURUI,KEN,1994.0
1250,Ellie SHEA,USA,2005.0
1251,Bethan MORLEY,GBR,2001.0
1252,Paula HERRERO,ESP,1996.0
1253,Mayu NISHIKAWA,JPN,1997.0
1254,Juliane HVID,DEN,1998.0
1255,India WEIR,GBR,1999.0
1256,Billah JEPKIRUI,KEN,
1257,Melissa TANAKA,USA,1999.0
1258,Mary Ellen EUDALY,USA,
1259,Devora AVRAMOVA,BUL,2000.0
1260,Domenika MAYER,GER,1990.0
1261,Antonina KWAMBAI,KEN,1992.0
1262,Lilly NÄGELI,SUI,2003.0
1263,Amalie SÆTEN,NOR,1997.0
1264,Sutume Asefa KEBEDE,ETH,1994.0
1265,Grace HARTMAN,USA,
1266,Eleanor MANCINI,USA,
1267,Emily INFELD,USA,1990.0
1268,Kristiina SASÍNEK MÄKI,CZE,1991.0
1269,Julia MAYER,AUT,1993.0
1270,Meseret TOLWAK,ETH,1993.0
1271,Samantha NADEL,USA,1994.0
1272,Joyline CHEMUTAI,KEN,1994.0
1273,Tadelech BEKELE,ETH,1992.0
1274,Aynadis MEBRATU,ETH,2004.0
1275,Mariana MACHADO,POR,2000.0
1276,Lidia CAMPO,ESP,1991.0
1277,Ai FUJITA,JPN,2003.0
1278,Letesenbet GIDEY,ETH,1998.0
1279,Sadie SARGENT,USA,
1280,Yumi YOSHIKAWA,JPN,1990.0
1281,Molly BORN,USA,
1282,Philippa STONE,GBR,1998.0
1283,Tabea THEMANN,GER,1992.0
1284,Nan ZHANG,CHN,2000.0
1285,Khishigsaikhan GALBADRAKH,MGL,1990.0
1286,Aberash SHILIMA,ETH,2001.0
1287,Ayal DAGNACHEW,ETH,2002.0
1288,Belinda CHEMUTAI,UGA,2000.0
1289,Dakotah LINDWURM,USA,1995.0
1290,Ine BAKKEN,NOR,1996.0
1291,Verena MEISL,GER,2001.0
1292,Ayano IKEMITSU,JPN,1991.0
1293,Haley HERBERG,USA,2000.0
1294,Helen BEKELE,SUI,1994.0
1295,Fionnuala MCCORMACK,IRL,1984.0
1296,Anchialem HAYMANOT,ETH,2001.0
1297,Adela HONORATO,MEX,2004.0
1298,Hanne Mjøen MARIDAL,NOR,1996.0
1299,Koren Jelila YAL,ETH,1987.0
1300,Molly SEIDEL,USA,1994.0
1301,Valerie KOPPLER,GER,2003.0
1302,Tigist GEZAHAGN,ETH,2000.0
1303,Mercyline CHERONO,KEN,1992.0
1304,Latifa MOKHTARI,FRA,1981.0
1305,Natosha ROGERS,USA,1991.0
1306,Agate CAUNE,LAT,2004.0
1307,July FERREIRA DA SILVA,BRA,1994.0
1308,Eva JESS,USA,
1309,Carmie PRINSLOO,RSA,2002.0
1310,Erin TESCHUK,CAN,1994.0
1311,Yvone CHEPCHIRCHIR,KEN,
1312,Fabienne KÖNIGSTEIN,GER,1992.0
1313,Anne LUIJTEN,NED,1994.0
1314,Euliter TANUI,KEN,1991.0
1315,Rebecca CHEPTEGEI,UGA,1991.0
1316,Marielle HALL,USA,1992.0
1317,Suus ALTORF,NED,2004.0
1318,Nigist MULUNEH,ETH,1997.0
1319,Svenja PINGPANK,GER,1996.0
1320,Mariya NODA,JPN,2004.0
1321,Hina YANAGITANI,JPN,2000.0
1322,Clara SIMAL,ESP,1987.0
1323,Kyungsun CHOI,KOR,1992.0
1324,Rie KAWAUCHI,JPN,1995.0
1325,Abersh MINSEWO,ETH,2001.0
1326,Shewarge ALENE,ETH,1994.0
1327,Seika OGATA,JPN,2000.0
1328,Sofia BENFARES,GER,2004.0
1329,Sintayehu TILAHUN,ETH,1999.0
1330,Margaret Chelimo KIPKEMBOI,KEN,1993.0
1331,Souad KABOUCHIA,MAR,1982.0
1332,Veronika SADEK,SLO,2003.0
1333,Rachael FRANKLIN,GBR,1991.0
1334,Kaylee MITCHELL,USA,1999.0
1335,Rose DAVIES,AUS,1999.0
1336,Jaci SMITH,USA,1997.0
1337,Mariya KOROBITSKAYA,KGZ,1990.0
1338,Ruth CHEBITOK,KEN,1990.0
1339,Micol MAJORI,ITA,1998.0
1340,Hikaru KITAGAWA,JPN,2001.0
1341,Skylar BOOGERD,USA,2001.0
1342,Augustine HAQUET,FRA,2003.0
1343,Anna ARNAUDO,ITA,2000.0
1344,Sofie VAN ACCOM,BEL,1989.0
1345,Molly GRABILL,USA,1992.0
1346,Agnes Mwikali MUTUKU,KEN,2002.0
1347,Daiana OCAMPO,ARG,1991.0
1348,Julie VOET,BEL,2003.0
1349,Natalie RULE,AUS,1996.0
1350,XiuZhen MA,CHN,2000.0
1351,Shamilah Tekaa KIPSIROR,KEN,1986.0
1352,Magdalena SHAURI,TAN,1996.0
1353,Revee WALCOTT-NOLAN,GBR,1995.0
1354,Nancy CHEROP,KEN,2006.0
1355,Tefera MEKASHU,ETH,2000.0
1356,Billie HATCH,USA,1999.0
1357,Mary Nyaboke OGWOKA,KEN,2007.0
1358,Fatima ALANIS,MEX,1999.0
1359,Aude KOROTCHANSKY,FRA,1991.0
1360,Degitu AZIMERAW,ETH,1999.0
1361,Marta PÉREZ,ESP,1993.0
1362,Erin MAWHINNEY,CAN,1996.0
1363,Federica ZANNE,ITA,1997.0
1364,Juliette THOMAS,BEL,2000.0
1365,Mikayla TINKHAM,CAN,1998.0
1366,Berlyn SCHUTZ,USA,
1367,Jecinta NYOKABI,KEN,2005.0
1368,Celestine CHEPCHIRCHIR,KEN,1995.0
1369,Tomoka KIMURA,JPN,1994.0
1370,Failuna MATANGA,TAN,1992.0
1371,Dolshi TESFU,ERI,1999.0
1372,Beatriz ÁLVAREZ,ESP,1994.0
1373,Caroline LYERLY,USA,
1374,Josefa QUEZADA,CHI,1992.0
1375,Yaxuan LI,CHN,2006.0
1376,Vera HOFFMANN,LUX,1996.0
1377,Manon GUILLERMIN,FRA,1998.0
1378,Fiona VON FLÜE,SUI,2008.0
1379,Sharon LOKEDI,KEN,1994.0
1380,Brenda TUWEI,KEN,2000.0
1381,Salomé ROCHA,POR,1990.0
1382,Susana SANTOS,POR,1992.0
1383,Samantha JORY,CAN,1995.0
1384,Saron BERHE,ETH,2007.0
1385,Samira MEZEGHRANE-SAAD,FRA,1979.0
1386,Risper CHEBET,KEN,1992.0
1387,Desta BURKA,ETH,2001.0
1388,Lorena RANGEL BATRES,MEX,2002.0
1389,Jackline SAKILU,TAN,1986.0
1390,Mio KURODA,JPN,2001.0
1391,Monica SILVA,POR,1983.0
1392,Tsigie GEBRESELAMA,ETH,2000.0
1393,Ava LLOYD,GBR,2005.0
1394,Vivian MELLY,KEN,
1395,Esther WAMBUI,KEN,2003.0
1396,Mei SASAKI,JPN,2000.0
1397,Worknesh MESELE,ETH,2001.0
1398,Dera DIDA,ETH,1996.0
1399,Sanna MUSTONEN,SWE,1991.0
1400,Riko IIJIMA,JPN,2000.0
1401,Naomi MITCHELL,GBR,1993.0
1402,Jana MATĚJKOVÁ,CZE,1999.0
1403,Bedatu HIRPA,ETH,1999.0
1404,Rosa Alva CHACHA,ECU,1982.0
1405,Sharon Jemutai CHEROP,KEN,1984.0
1406,Pamela ROTICH,KEN,1984.0
1407,Doreen CHESANG,UGA,1990.0
1408,Mazzie MELANEY,USA,
1409,Tia Tanja ŽIVKO,SLO,2006.0
1410,Jette BEERMANN,GER,2003.0
1411,Obse ABDETA,ETH,2000.0
1412,Winnie NANYONDO,UGA,1993.0
1413,Esther PFEIFFER,GER,1997.0
1414,Sarah LAHTI,SWE,1995.0
1415,Aleksandra LISOWSKA,POL,1990.0
1416,Laura MÉNDEZ,ESP,1988.0
1417,Workenesh EDESA,ETH,1992.0
1418,Nazret WELDU,ERI,1990.0
1419,Yuka SUZUKI,JPN,1999.0
1420,Anna DIBABA,ETH,1999.0
1421,Faith KIPYEGON,KEN,1994.0
1422,Kesa MOLOTSANE,RSA,1992.0
1423,Hanane BOUAGGAD,MAR,1998.0
1424,Lindsay FLANAGAN,USA,1991.0
1425,Yuna ARAI,JPN,2000.0
1426,Sylvia Mboga MEDUGU,KEN,1990.0
1427,Beatriz FERNANDES,POR,2002.0
1428,Loice CHEMNUNG,KEN,1997.0
1429,Astrid VERHOEVEN,BEL,1995.0
1430,Vivian KIPLAGAT,KEN,1991.0
1431,Miki HIRAI,JPN,1996.0
1432,Rosa TWYFORD,NZL,2002.0
1433,Angharad DAVIES,GBR,1991.0
1434,Natálie MILLEROVÁ,CZE,2004.0
1435,Sanae HASNAOUI,MAR,2003.0
1436,Min LIU,CHN,1997.0
1437,Ellie PASHLEY,AUS,1988.0
1438,Chernet MISGANAW,ETH,1995.0
1439,Ava HASSEBROCK,USA,
1440,Kavita YADAV,IND,1998.0
1441,Purity Kajuju GITONGA,KEN,1996.0
1442,Panpan WANG,CHN,2003.0
1443,Gebeyanesh AYELE,ETH,1995.0
1444,Betty Chepkemoi KIBET,KEN,2000.0
1445,Sharon CHELIMO,KEN,1994.0
1446,Freweyni HAILU,ETH,2001.0
1447,Nanami WATANABE,JPN,1998.0
1448,Tiana LOSTRACCO,CAN,2001.0
1449,Alexa WESTLEY,USA,
1450,Maria Claudia FLOREA,ROU,1995.0
1451,Nienke BRINKMAN,NED,1993.0
1452,Pascalia JEPKOGEI,KEN,2001.0
1453,Ye-jin LIM,KOR,1995.0
1454,Prisca CHESANG,UGA,2003.0
1455,Zaida RAMOS,PER,1995.0
1456,Sarah PAGANO,USA,1991.0
1457,Gelane SENBETE,ETH,1990.0
1458,Amanda VESTRI,USA,1999.0
1459,Yuri KARASAWA,JPN,1995.0
1460,Cailee PETERSON,USA,
1461,Anisleidis OCHOA,CUB,2000.0
1462,Kana MIZUMOTO,JPN,2005.0
1463,Taryn PARKS,USA,2002.0
1464,Tirunesh DIBABA,ETH,1985.0
1465,Rina SASAKI,JPN,2002.0
1466,Mariska PAREWYCK,BEL,1988.0
1467,Eilish MCCOLGAN,GBR,1990.0
1468,Bérénice FULCHIRON,FRA,2000.0
1469,Rinka HIDA,JPN,2001.0
1470,Meraf BAHTA,SWE,1989.0
1471,Aude CLAVIER,FRA,1999.0
1472,Kyla JACOBS,RSA,1994.0
1473,Kaho ONISHI,JPN,2000.0
1474,Emily CHEBET,KEN,1986.0
1475,Letebrhan Haylay GEBRESLASEA,ETH,1990.0
1476,Sora SHINOZAKURA,JPN,2001.0
1477,Marissa DAMINK,NED,1995.0
1478,Addisie MISLENEW,ETH,2000.0
1479,Micaela DEGENERO,USA,1998.0
1480,Angie ORJUELA,COL,1989.0
1481,Misaki HAYASHIDA,JPN,1999.0
1482,Naomi SMITH,USA,
1483,Alice MITARD,FRA,1998.0
1484,Patrycja KAPAŁA,POL,1997.0
1485,Kara MACDERMID,NZL,1997.0
1486,Gresa BAKRAÇI,KOS,1995.0
1487,Beatrice Jepchirchir CHESEREK,KEN,1998.0
1488,Danielle JONES,USA,1996.0
1489,Lonah Chemtai SALPETER,ISR,1988.0
1490,Michelle SCHAUB,SUI,1999.0
1491,Parker VALBY,USA,
1492,Zenebu FIKADU,ETH,1999.0
1493,Sofia GIOBELLI,ITA,1996.0
1494,Bekelech GUDETA,ETH,1997.0
1495,Simone FERRAZ,BRA,1990.0
1496,Nelly JEPTOO,KEN,1992.0
1497,Rebecca LONEDO,ITA,1996.0
